{"tokens per second":123200.4399285994,"_runtime":36711.497434026,"_step":289504,"gradient norm":0.027202630415558815,"learning rate":0.00037763587897643447,"_timestamp":1.7283695123858328e+09,"loss":4.195143699645996,"_wandb":{"runtime":36711},"dt":4.255569219589233,"CUDA memory":1478.46240234375,"CPU memory":3.418102264404297}