{"_timestamp":1.7283971790316489e+09,"Validation loss":11.344080352783203,"_runtime":23.008725109,"total_processed_tokens":2097152,"dt":4.665909767150879,"_step":4,"_wandb":{"runtime":23},"learning rate":4.195804194750963e-06,"ETA to 10 billion tokens":88976.50251294859,"loss":10.530329704284668,"CUDA memory":1973.0498046875,"gradient norm":0.2154446691274643,"tokens per second":112365.65346614993,"CPU memory":2.0832061767578125}