{"_wandb":{"runtime":124},"CUDA memory":1478.46240234375,"tokens per second":119387.33475843784,"_runtime":124.745136044,"_timestamp":1.7283251290284505e+09,"gradient norm":0.0671301782131195,"dt":4.3914875984191895,"CPU memory":1.9939422607421875,"loss":9.683074951171875,"_step":768}