{"gradient norm":0.053455594927072525,"dt":4.849375486373901,"loss":8.347214698791504,"CUDA memory":1973.0498046875,"_timestamp":1.728395114869645e+09,"_wandb":{"runtime":326},"ETA to 10 billion tokens":92174.43825719645,"learning rate":5.622378012049012e-05,"CPU memory":2.0756683349609375,"_runtime":326.85960646,"total_processed_tokens":34603008,"_step":66,"tokens per second":108114.54000070305}