{"_runtime":4.393372237,"_step":0,"_wandb":{"runtime":4},"Validation loss":11.567044067382813,"_timestamp":1.728393855908467e+09}