{"CPU memory":1.9951286315917969,"CUDA memory":1478.46240234375,"loss":9.265996932983398,"_timestamp":1.7283255661933548e+09,"tokens per second":123310.07021321145,"gradient norm":0.0650424063205719,"_runtime":213.511353198,"_step":1408,"dt":4.251785755157471,"_wandb":{"runtime":213}}