{"_timestamp":1.72832534935169e+09,"_runtime":134.567201868,"_step":26,"_wandb":{"runtime":134},"loss":9.606073379516602}