{"_timestamp":1.7283954456405377e+09,"dt":4.774734973907471,"learning rate":4.951049049850553e-05,"CUDA memory":2003.26416015625,"_step":58,"loss":8.597835540771484,"generated_samples":{"sha256":"7fae9e24e97613453b194df826836145c04d90ac07565f14efd350bf8dc0e776","size":511,"artifact_path":"wandb-client-artifact://5dhx34fmj9fy0vh1s8cjfm3jfknu59jfigfl6e71fho5ceh768nf0vt9lxztyj4zox94t3wzjrrf1ojz4nokabdf4f1sanqhh4vzcjw6zcemeserbavb9v48azhbc3e4/generated_samples.table.json","_latest_artifact_path":"wandb-client-artifact://j8yoibvxwu6oaiti85jnyhrjguz7klm4ywurf2sgvie59aq3go7nafuys9j1ofk2k5tyftsa5amf3o4ls3k593xi1d5mxk5uktuy1sz3up1ebmz1owry6ogymbpp0eh7:latest/generated_samples.table.json","path":"media/table/generated_samples_56_7fae9e24e97613453b19.table.json","ncols":1,"nrows":5,"_type":"table-file"},"CPU memory":2.252483367919922,"_wandb":{"runtime":327},"ETA to 10 billion tokens":90793.90761675779,"total_processed_tokens":30408704,"_runtime":327.493178044,"Validation loss":9.349431610107422,"gradient norm":0.06121775135397911,"tokens per second":109804.6285008656}