{"CPU memory":2.0530738830566406,"gradient norm":0.19527873396873474,"Validation loss":11.338198852539062,"_timestamp":1.7283940093905456e+09,"learning rate":4.195804194750963e-06,"_wandb":{"runtime":80},"tokens per second":106761.0725355409,"CUDA memory":1973.0498046875,"ETA to 10 billion tokens":93647.45604884857,"loss":10.527979850769043,"generated_samples":{"path":"media/table/generated_samples_4_32ebf14f98794381e5e7.table.json","ncols":1,"nrows":1,"_type":"table-file","sha256":"32ebf14f98794381e5e78a12d84cd995365bc61c68a7fb697c652b457c81a390","size":215,"artifact_path":"wandb-client-artifact://4dlvz4ij4w6kyz1aagz7z2yzljwkgbt39gsmmz2jnvvoghys7tkgdsext4j5gk0tf60xl40rjjx7t69u5e4vb5l9gflrb9k6h5wrijp1cqh3kpqpb2cfqis4iasn9ome/generated_samples.table.json","_latest_artifact_path":"wandb-client-artifact://am4lek2mqng4edl0o0tgu8eenjwan9k5bzvbolojjzso2jzf6qlm8d705gex48t9uxlfl210tdjcs7hc7vw0a7x3bp4ba68m71u169yiey2ody9cs8nja9g6mtbd7tb9:latest/generated_samples.table.json"},"_runtime":80.326585668,"dt":4.910853624343872,"_step":4,"total_processed_tokens":2097152}