{"_wandb":{"runtime":174},"loss":9.18120002746582,"_runtime":174.616940769,"_step":34,"CPU memory":2.06768798828125,"ETA to 10 billion tokens":98953.7126688147,"_timestamp":1.7283930393085215e+09,"gradient norm":0.07190456241369247,"tokens per second":100877.20752235995,"CUDA memory":1973.0498046875,"dt":5.197288990020752,"total_processed_tokens":17825792,"learning rate":2.9370630727498792e-05}