{"gradient norm":0.04170095920562744,"_timestamp":1.7283250007452734e+09,"dt":4.242948770523071,"tokens per second":123566.89377028837,"CUDA memory":1478.46240234375,"CPU memory":1.9948158264160156,"_wandb":{"runtime":420},"loss":7.80449104309082,"_runtime":420.648440684,"_step":3104}