{"Validation loss":11.377214050292968,"gradient norm":0.15216532349586487,"CUDA memory":1978.244140625,"learning rate":5.874126145499758e-06,"_runtime":104.597782378,"total_processed_tokens":3145728,"_wandb":{"runtime":104},"CPU memory":2.2601356506347656,"dt":4.809770345687866,"ETA to 10 billion tokens":91710.23030782444,"_step":6,"tokens per second":109004.78865275621,"generated_samples":{"_latest_artifact_path":"wandb-client-artifact://sv3jx55h5qg2fkwa7bnff9fob53lc7au3tcm043s7h5dv1gs225dpi6cp8m4nmjvqbkxdxw34r1xixka4j3slgn1k3llaf9gus14flu165lcx1ad3f9s22neks1vqs8z:latest/generated_samples.table.json","path":"media/table/generated_samples_4_31405097fd50bb63f469.table.json","ncols":1,"nrows":1,"_type":"table-file","sha256":"31405097fd50bb63f469efa5a14fe4dcc127a3dce4f6eef19afd91cb7923068b","size":195,"artifact_path":"wandb-client-artifact://hh9q11r5322dk0brvfyhhjkyegqrlewpepuxc21s7tn6f1gid3384x0w8ptzg4rgw1vi4k2ezux1wvz82sl256rwsg552y9jpn8j5albpk88cozcvkib3fxv982sm128/generated_samples.table.json"},"loss":10.412364959716797,"_timestamp":1.7283941455305247e+09}