{"_runtime":9.739885963999999,"tokens per second":104022.5533814541,"loss":10.623210906982422,"CUDA memory":1022.5517578125,"_step":1,"gradient norm":0.16499044001102448,"ETA to 10 billion tokens":96127.95866807457,"total_processed_tokens":524288,"CPU memory":1.9788856506347656,"dt":5.040137767791748,"_wandb":{"runtime":9},"_timestamp":1.7283935863786156e+09,"learning rate":1.678321837061958e-06}