{"_wandb":{"runtime":218},"_timestamp":1.7283245618041394e+09,"_runtime":216.271077915,"_step":45,"tokens per second":128456.40642546286,"CUDA memory":1478.46240234375,"gradient norm":0.06252244859933853,"CPU memory":1.9951858520507812,"loss":9.191608428955078,"dt":4.081446886062622}