{"_runtime":479.956195899,"_step":2944,"CUDA memory":1478.46240234375,"loss":7.83259916305542,"dt":4.25325608253479,"_wandb":{"runtime":479},"tokens per second":123267.44259601292,"_timestamp":1.7283875251240203e+09,"learning rate":7.80419577495195e-05,"gradient norm":0.0605410635471344,"CPU memory":4.505016326904297}