{"CPU memory":2.2549057006835938,"CUDA memory":1978.244140625,"learning rate":9.734266495797783e-05,"_timestamp":1.7283947751110475e+09,"Validation loss":7.926777648925781,"_step":115,"_wandb":{"runtime":627},"loss":7.3055033683776855,"total_processed_tokens":60293120,"gradient norm":0.02524476870894432,"ETA to 10 billion tokens":93214.05090490589,"dt":4.91674542427063,"tokens per second":106633.1393551406,"generated_samples":{"sha256":"d6a88e70e4c37bb80de1ccd749e69bac4bdf6e7b0a27cd99446e25e452724cc9","size":146,"artifact_path":"wandb-client-artifact://kfpmco7llxao00psfdpm1mdjtt4agvs4ky3d7pn6y24y5rt03a85yrsne6ew3ghimbu18p2td1xywp9q2hf4yx7n1tjxzif869viwgue8g5iblrnpmxp0a0cz00wz9h0/generated_samples.table.json","_latest_artifact_path":"wandb-client-artifact://648hex6neo3ipdmop0ti00zrdhdfoxcqxu0jdu9ubhw3c7lzsjkaaek8ed9xmey8ieo1ryhau1pfycw3aco7nb3kff94ae2donbdwm0yehudsp98jn79s3va3ibnmnfi:latest/generated_samples.table.json","path":"media/table/generated_samples_112_d6a88e70e4c37bb80de1.table.json","ncols":1,"nrows":1,"_type":"table-file"},"_runtime":627.915429894}