{"tokens per second":111679.60569908358,"_runtime":45.411092768,"total_processed_tokens":4718592,"loss":10.117448806762695,"learning rate":8.391608389501926e-06,"CPU memory":2.0513038635253906,"_wandb":{"runtime":45},"gradient norm":0.1392863392829895,"_timestamp":1.7283934931284654e+09,"ETA to 10 billion tokens":89499.61226521432,"CUDA memory":1973.0498046875,"_step":9,"dt":4.694572448730469}