{"_timestamp":1.7283930719764218e+09,"_runtime":22.663040712,"tokens per second":108611.3762843073,"loss":10.491436004638672,"learning rate":4.195804194750963e-06,"total_processed_tokens":2097152,"gradient norm":0.2042546421289444,"CPU memory":2.0596771240234375,"_step":4,"ETA to 10 billion tokens":92052.07769238576,"dt":4.827192306518555,"CUDA memory":1973.0498046875,"_wandb":{"runtime":22}}