{"total_processed_tokens":12582912,"_runtime":122.175486071,"CPU memory":2.0236167907714844,"dt":5.072262525558472,"loss":9.355402946472168,"_timestamp":1.7283910997046316e+09,"tokens per second":103363.73509024443,"_wandb":{"runtime":122},"CUDA memory":1973.0498046875,"ETA to 10 billion tokens":96623.99563328689,"_step":24,"gradient norm":0.07106132060289383,"learning rate":2.0979021428502165e-05}