{"_wandb":{"runtime":30},"_step":160,"_timestamp":1.72838759582856e+09,"loss":10.830952644348145,"CUDA memory":1973.0498046875,"_runtime":30.330144771,"gradient norm":0.17516809701919556,"dt":5.102393865585327,"learning rate":5.034965397499036e-06,"tokens per second":102753.33771001539,"CPU memory":2.0339508056640625}