{"dt":4.359212636947632,"loss":10.327672958374023,"_timestamp":1.728325203375353e+09,"_wandb":{"runtime":68},"tokens per second":120271.26081353815,"CUDA memory":1478.46240234375,"_runtime":68.805877742,"gradient norm":0.11602810025215149,"_step":320,"CPU memory":1.9944915771484375}