{"gradient norm":0.07133296877145767,"loss":9.382715225219727,"_timestamp":1.728326088716106e+09,"CPU memory":1.9949798583984375,"_runtime":186.419148546,"_wandb":{"runtime":186},"learning rate":3.4405595215503126e-05,"dt":4.304740905761719,"CUDA memory":1478.46240234375,"_step":1280,"tokens per second":121793.16048923225}