{"tokens per second":104935.3476039443,"_wandb":{"runtime":289},"Accuracy on Hellaswag":0.2582154949213304,"dt":4.99629545211792,"total_processed_tokens":12582912,"loss":9.430374145507812,"ETA to 10 billion tokens":95176.86190639343,"_step":24,"_runtime":289.232226857,"gradient norm":0.07356401532888412,"CPU memory":2.3071365356445312,"Validation loss":10.186508941650391,"CUDA memory":2019.33544921875,"generated_samples":{"artifact_path":"wandb-client-artifact://gfkfgzdem022db6azv2hyzymhnm0bpsi3u25tgaa2auk5zz83ljlpcem1ad2rxln2kgdkcihurswcep34ij6cviyor3jo74tpdry1rnvmyfwdm2uyh6ob8zvvahj36q4/generated_samples.table.json","_latest_artifact_path":"wandb-client-artifact://d2ah654dc8gx5ljvhsee9mm7w96gufwu506b9y7qiacwliaamffvl6940zjmt93b6rsalpiu7l8npl96h1i9ity3qab4b37yd9r2noq61iju9gr9w7vco2m21t4vfq2g:latest/generated_samples.table.json","path":"media/table/generated_samples_24_e20f2acc6bc8cef7e463.table.json","ncols":1,"nrows":5,"_type":"table-file","sha256":"e20f2acc6bc8cef7e4633759a4686e1d4c7c87bcb1a1acaef98297e4c0201d15","size":542},"learning rate":2.0979021428502165e-05,"_timestamp":1.7283976305944731e+09}