{"generated_samples":{"path":"media/table/generated_samples_4_a592d69ea3a81747f71f.table.json","ncols":1,"nrows":5,"_type":"table-file","sha256":"a592d69ea3a81747f71fc85060a51c56597191d3d300dbfc2571393774902dd5","size":932,"artifact_path":"wandb-client-artifact://xtau8yv5v9tekn6wfly84e0obgqdvwkwghey740p4r7djh5mrexx1rqp6zoxyorccbm8gzy7k8xqrv2dzfyqkl97mfdnayf68rvybhpopf2jynpyzw445csfly413sxs/generated_samples.table.json","_latest_artifact_path":"wandb-client-artifact://05lctt7wl8wlqt26knll8ikd5s9n29nlhmm4i8jqpst4mj0wkfghej6i8zlf5fk0l8by6snletgwjkfzbwr9kc4rk1lstya9zs71l1n5sefxsf7zrfvs2qd8exxpak6q:latest/generated_samples.table.json"},"CPU memory":2.0382766723632812,"tokens per second":130661.12795023498,"_runtime":150.623227769,"Validation loss":11.328253173828125,"CUDA memory":1478.46240234375,"ETA to 10 billion tokens":76517.80605941126,"dt":4.012578248977661,"learning rate":4.195804194750963e-06,"_timestamp":1.7283978569268234e+09,"_wandb":{"runtime":150},"_step":4,"total_processed_tokens":2097152,"loss":10.524053573608398,"gradient norm":0.1993023306131363}