{"learning rate":4.195804194750963e-06,"_timestamp":1.728393353429132e+09,"loss":10.5143461227417,"total_processed_tokens":2097152,"tokens per second":112135.5978646834,"dt":4.675482273101807,"gradient norm":0.18552155792713165,"_step":4,"CUDA memory":1973.0498046875,"_runtime":21.933795231,"ETA to 10 billion tokens":89159.0452843057,"CPU memory":2.0574798583984375,"_wandb":{"runtime":21}}